{"cameraMode":{"drawMode":0,"name":"Shaded","section":"Shading Mode"},"sceneLighting":false,"audioPlay":false,"sceneViewState":{"showFog":true,"showMaterialUpdate":false,"showSkybox":true,"showFlares":true,"showImageEffects":true,"showParticleSystems":true},"in2DMode":false,"pivot":{"x":560.6476440429688,"y":199.69656372070313,"z":-101.17984771728516},"rotation":{"x":-0.042780011892318729,"y":0.0030946354381740095,"z":-0.0001195126460515894,"w":-0.9990797638893127},"size":136.21127319335938,"orthographic":false}